age,income,credit_score,loan_amount,employment_years,debt_ratio,credit_history,employment_type,housing,approved
56,1787,822,30940,39,0.33139512225573453,good,self-employed,rent,1
69,5406,610,8866,31,0.39548330407154586,good,informal,rent,1
46,3487,672,10603,19,0.6309941909003096,bad,formal,mortgage,0
32,2155,743,21876,27,0.19459071397771244,good,self-employed,rent,1
60,3706,508,11902,32,0.8631561699950209,good,formal,own,0
25,2836,473,14636,3,0.7924569760758117,good,informal,mortgage,0
38,8374,497,15203,33,0.5617728584071602,bad,informal,mortgage,0
56,6763,776,1000,2,0.6392302939399654,good,formal,own,1
36,4984,594,14889,25,0.11332837699537279,good,formal,rent,1
40,7959,850,9482,7,0.37115582027875893,average,informal,mortgage,1
28,5154,593,11055,5,0.7365281845291536,good,formal,mortgage,0
28,3277,668,26549,15,0.16198637903390872,good,informal,mortgage,1
41,8046,804,4947,23,0.32585106736857616,average,informal,rent,1
53,6077,850,21505,38,0.568237462667449,good,self-employed,mortgage,1
57,2925,850,12768,29,0.3051304221591534,bad,formal,own,0
41,4619,770,12761,12,0.8471823793156154,good,formal,rent,1
20,3248,752,21322,4,0.2048469046434323,good,self-employed,own,1
39,2234,709,17720,24,0.7379154863262228,good,informal,own,0
19,6852,727,19564,19,0.5063589535251266,good,formal,mortgage,1
41,8818,594,22745,17,0.7002646206559648,average,self-employed,mortgage,0
61,2202,568,12349,17,0.34857226264915797,good,self-employed,mortgage,0
47,6125,649,10102,1,0.511591681849631,good,formal,own,1
55,3698,632,6318,9,0.7854682797785411,average,self-employed,rent,0
19,4025,604,8396,11,0.47350247929848355,average,informal,mortgage,1
38,3815,719,38592,12,0.38777588952821573,good,self-employed,mortgage,1
50,3272,745,24957,10,0.5289243090021889,good,informal,own,0
29,5097,658,4191,18,0.6738902024290935,good,informal,rent,1
39,3338,797,4420,34,0.45485067639880217,good,formal,own,1
61,5540,535,18854,38,0.8511015801138184,good,self-employed,mortgage,0
42,4899,630,19378,25,0.33595665923387363,average,informal,own,1
66,4522,578,19391,13,0.48037088493529634,bad,informal,mortgage,0
44,3184,463,12960,23,0.7055421274731531,good,self-employed,rent,0
59,3846,641,13996,0,0.6512968723966066,good,informal,own,0
45,6510,637,17623,21,0.7909128419337249,good,self-employed,mortgage,1
33,6001,801,15687,22,0.8974473445448872,good,formal,mortgage,1
32,3044,713,1000,18,0.44148666303607165,good,informal,mortgage,1
64,5198,547,13161,17,0.1889207038266495,bad,informal,mortgage,0
68,6502,835,8188,11,0.12433270464637439,average,self-employed,own,1
61,1661,772,16401,27,0.6815015249118173,bad,self-employed,mortgage,0
69,6086,708,38882,27,0.7992109370469725,bad,self-employed,own,0
20,3674,627,17939,32,0.2765700687555349,good,self-employed,mortgage,1
54,6141,554,12491,18,0.22675842975192478,average,informal,own,0
68,3473,612,22374,27,0.1497640732205528,good,formal,own,1
24,1390,758,18861,36,0.7581623373737651,good,formal,mortgage,0
38,1744,838,18360,25,0.34910555191406745,bad,formal,mortgage,0
26,5096,804,19854,34,0.4213575142078212,good,formal,mortgage,1
56,5519,601,31452,33,0.5022001532876899,bad,self-employed,mortgage,0
35,3191,538,5952,34,0.7715625873676406,good,informal,rent,0
21,6277,664,18789,39,0.620666577249188,bad,informal,mortgage,0
42,1676,473,7588,15,0.5920517038862491,bad,informal,mortgage,0
31,4867,682,19444,37,0.24053767996472858,average,self-employed,mortgage,1
67,2577,635,7650,12,0.5105519133678639,average,informal,own,0
26,3696,603,11661,22,0.6723048137429242,good,self-employed,mortgage,0
43,5094,490,12639,21,0.8786087064243934,bad,informal,own,0
19,3279,701,22806,15,0.26112504737068176,bad,formal,own,0
37,4230,596,22347,27,0.10763468245378133,average,self-employed,own,0
45,7012,533,5034,34,0.1602411468787758,average,informal,own,0
64,3846,362,15439,7,0.40068197214558343,average,formal,rent,0
24,6671,647,9323,21,0.7564357181967897,bad,formal,mortgage,0
61,2740,827,4931,20,0.10571366541459604,average,formal,own,0
25,6059,816,13263,25,0.46538447430867225,bad,self-employed,mortgage,1
64,7883,604,12532,39,0.36338449227311564,average,self-employed,own,1
52,1000,589,34413,20,0.14198536807978207,good,informal,rent,0
31,3406,696,18463,24,0.4601890293380938,good,formal,own,1
34,6154,550,3979,0,0.30379896586937505,good,informal,mortgage,1
53,4593,680,10481,5,0.38150786747760523,good,informal,mortgage,1
67,5742,726,23171,22,0.6644922438274344,good,formal,rent,1
57,3792,772,31707,22,0.5172407871287737,average,informal,mortgage,0
21,5173,639,2312,22,0.19971794319425068,good,self-employed,mortgage,1
19,4688,629,1000,31,0.8691316323389112,good,informal,own,1
23,7335,562,29967,29,0.6087286125677907,average,formal,mortgage,0
59,5508,567,18116,12,0.7126947405300252,bad,self-employed,own,0
21,5675,627,8053,17,0.16337052000669666,average,self-employed,rent,1
46,4176,686,19277,22,0.13764670356801512,bad,informal,mortgage,1
35,4024,741,1000,14,0.11555844029446494,average,informal,own,1
43,4134,569,15027,32,0.25103522221875557,good,self-employed,mortgage,1
61,5788,799,17622,20,0.43152671817479615,average,informal,own,1
51,4158,622,22394,38,0.8486609067222582,average,formal,rent,0
27,5579,647,6888,22,0.46564772741262106,good,informal,own,1
53,9150,575,15685,26,0.3322040842980235,good,informal,mortgage,1
31,6742,407,7596,17,0.5495482028157307,average,self-employed,own,0
48,4347,738,17043,23,0.1895476625078314,good,informal,mortgage,1
65,7402,723,7837,39,0.5876047128039866,average,informal,rent,0
32,4183,621,11735,6,0.5547455634644026,good,informal,own,1
25,1000,656,7033,19,0.7335944267245678,average,formal,mortgage,0
31,2983,701,20209,26,0.8893500892936194,average,informal,mortgage,0
40,1258,493,21867,5,0.3006987773728884,good,formal,mortgage,0
57,4296,597,13123,26,0.5077251606430085,good,formal,own,0
38,5036,729,15305,8,0.8270923250552029,average,formal,own,0
33,8352,524,3411,30,0.7281519075382731,bad,formal,own,0
62,5653,679,12602,20,0.48992504248064606,bad,self-employed,rent,1
35,4561,514,14598,25,0.8562973196918223,good,formal,mortgage,0
64,6658,696,35966,39,0.1457893548134475,average,informal,mortgage,1
41,1000,646,6104,12,0.8447988957700673,good,formal,rent,0
43,5471,488,26713,22,0.14040591390624524,good,informal,rent,1
42,6541,766,22974,19,0.5378437952917475,good,formal,own,1
62,2042,576,17245,36,0.8123527584008686,average,self-employed,own,0
58,7287,568,29068,27,0.3101767548490423,good,formal,own,1
46,5676,670,17976,16,0.4777987991561269,good,formal,own,1
32,4169,764,18113,27,0.3594631033095733,average,self-employed,own,1
62,6265,548,14575,1,0.8617151336610811,average,formal,own,0
18,9541,656,24788,24,0.7589164758024727,good,informal,rent,1
42,5363,692,23771,5,0.6672012090611037,good,formal,rent,1
24,5496,719,9994,10,0.570101589292087,good,formal,rent,1
26,4081,667,4446,37,0.7564734314593186,good,formal,mortgage,1
41,3300,613,13376,5,0.4138136332188377,average,self-employed,mortgage,0
18,6660,567,8599,10,0.45804148408484957,good,formal,own,1
61,3287,658,14491,13,0.6840013768646892,average,formal,rent,0
25,5143,542,24899,1,0.38620381063497145,bad,informal,mortgage,0
41,4044,357,11341,39,0.15112075363869906,good,formal,mortgage,1
28,5957,693,14657,2,0.15946768710885717,bad,formal,rent,1
68,5667,740,15464,34,0.1922902410445631,good,formal,mortgage,1
34,7075,413,21787,32,0.7957450586749303,good,formal,mortgage,0
25,3979,549,1000,23,0.47778114060496346,good,informal,rent,0
52,4460,711,10146,18,0.6703058954757892,good,informal,mortgage,1
52,3042,850,16690,17,0.41432746848391466,good,self-employed,rent,1
50,4111,652,24600,23,0.3069687579325076,good,formal,mortgage,1
22,5754,577,11064,34,0.37775373404976953,average,self-employed,rent,0
59,6513,631,1000,0,0.7353458762537469,bad,self-employed,mortgage,0
56,3155,787,19957,35,0.6001729000251506,average,formal,mortgage,0
58,6739,585,9917,24,0.8501118239663217,good,informal,rent,0
45,7711,570,5482,33,0.6437638228614672,average,informal,mortgage,0
24,5826,601,10005,24,0.5561453054037552,average,formal,rent,0
26,8753,554,13523,15,0.5881568071886676,bad,formal,rent,0
25,3452,662,10162,33,0.8538971515747317,bad,informal,mortgage,0
29,2510,812,1000,28,0.7305607438933649,bad,formal,own,0
51,1442,682,22176,18,0.11923298989315026,good,formal,mortgage,1
50,7992,624,25199,22,0.5273117569085578,average,formal,own,0
65,6308,620,20212,18,0.6506707292372519,good,informal,own,1
40,4888,493,5898,24,0.6989587827513241,bad,self-employed,mortgage,0
41,5559,738,13388,15,0.27051369545114934,good,self-employed,own,1
54,2749,642,14947,8,0.7937418835610818,good,formal,rent,0
52,9891,631,19790,0,0.864674517740131,good,informal,rent,1
61,5258,850,20346,18,0.28937224467589584,average,formal,own,1
57,5218,679,9126,32,0.8060923660137966,good,informal,rent,1
39,6451,574,15655,33,0.17758301001287632,good,formal,mortgage,1
44,5962,607,18658,15,0.14456546889219615,bad,informal,rent,1
52,5447,764,26646,39,0.2033790400821995,bad,informal,own,1
18,3419,661,20636,17,0.14619286357362882,good,self-employed,mortgage,1
52,5942,506,21312,33,0.7760097897246208,good,formal,rent,0
54,8764,741,15670,24,0.14724011556661756,bad,self-employed,mortgage,1
64,7690,583,26283,5,0.3173313530909244,bad,self-employed,own,0
31,8186,837,18278,20,0.1830050748286851,average,informal,rent,1
20,3977,758,8111,5,0.33633762905101194,average,formal,mortgage,0
18,3020,605,26226,31,0.1724475740807364,good,informal,mortgage,1
22,4748,778,20583,38,0.6344026005944112,bad,informal,rent,0
43,5111,656,11455,30,0.20666145307406014,average,informal,mortgage,1
31,7188,735,11164,9,0.7814767406711103,average,formal,mortgage,0
56,1615,698,17372,29,0.7537528405813129,good,formal,own,0
44,8059,565,18705,17,0.11092934837648755,bad,informal,own,0
26,4683,585,16578,23,0.8165810844120917,average,formal,own,0
32,4146,752,17490,8,0.12315545339469365,good,informal,own,1
32,2975,616,28599,30,0.2917166279660453,average,formal,own,0
43,1690,609,23572,14,0.12591131022079605,average,formal,own,0
59,6646,554,16525,3,0.36867478963145284,average,self-employed,rent,0
30,5146,692,22530,39,0.5110932205706173,average,informal,own,0
68,2420,850,6739,8,0.7373158952121105,average,self-employed,mortgage,0
49,2409,543,18183,8,0.37038524037586895,bad,self-employed,rent,0
56,4328,652,29474,25,0.6643920197384934,good,informal,mortgage,1
66,8338,791,13255,3,0.2500035656951843,good,informal,own,1
69,4480,642,8218,16,0.7004787653953012,good,formal,own,1
49,1993,695,9783,15,0.2887972847273901,average,informal,mortgage,0
21,4508,543,6282,14,0.21483580475501435,average,self-employed,mortgage,0
47,4454,692,8721,34,0.24832708029924344,bad,self-employed,mortgage,1
54,1000,631,12035,4,0.2456505031054843,average,informal,rent,0
40,4891,748,3755,4,0.510290303501593,average,self-employed,own,0
56,4538,768,15124,19,0.7758380649505169,bad,formal,mortgage,0
62,6392,850,22218,14,0.1636840615940045,good,self-employed,own,1
32,8697,707,7737,17,0.6655650547947382,bad,formal,mortgage,0
60,7253,682,27154,1,0.6234771677222861,good,self-employed,own,1
46,4462,669,19086,28,0.79801596146349,average,formal,rent,0
53,2786,614,23244,12,0.2953180484055258,average,formal,own,0
30,10146,683,9737,3,0.4600878869480237,average,informal,mortgage,1
49,5118,620,21836,9,0.840661899554814,good,formal,own,1
24,5027,666,6264,30,0.6279947601082537,good,informal,rent,1
68,4951,781,22121,7,0.4110147302892776,average,self-employed,rent,1
39,5396,549,16374,2,0.2051299062842148,bad,self-employed,own,0
45,4711,763,19426,8,0.30998800632047285,good,self-employed,mortgage,1
19,3852,781,5595,29,0.5649723819915067,bad,formal,rent,0
59,3906,638,7839,10,0.674534358048411,good,self-employed,rent,0
62,4934,437,19777,34,0.1995375094815148,average,self-employed,own,0
23,3913,589,7413,36,0.5796778080352433,average,informal,rent,0
45,3574,779,18705,12,0.5402810230710008,average,informal,rent,0
45,5212,647,4062,35,0.5111643573525665,bad,self-employed,mortgage,0
61,4490,550,21785,12,0.6520984941456064,average,self-employed,mortgage,0
61,8007,599,5139,11,0.7699596760667695,average,formal,mortgage,0
37,1000,734,19418,36,0.35839174654149475,good,formal,own,1
47,7183,704,20005,9,0.8112097520887676,good,self-employed,rent,1
28,7492,626,9425,8,0.22850689009484057,good,informal,own,1
45,1000,613,19656,6,0.23841909580093149,average,self-employed,rent,0
42,4314,610,17083,1,0.31341765089913914,good,formal,rent,1
56,4257,557,10689,22,0.19562469563766227,good,informal,rent,1
50,2184,811,6931,38,0.2842553797463021,good,informal,mortgage,1
18,3444,617,1000,39,0.1851294103222757,good,formal,own,1
44,2778,771,17797,38,0.7574019335883123,good,self-employed,own,0
69,8504,802,2481,20,0.2111751935092997,bad,self-employed,rent,1
30,6871,749,15762,22,0.6978380460478855,average,self-employed,own,0
58,7543,606,12892,28,0.138331094330667,average,formal,mortgage,1
20,6443,690,20433,13,0.8588162620111321,average,informal,own,0
56,2741,647,12583,25,0.6689280700222129,good,formal,rent,0
23,3950,559,12364,4,0.10543723886888944,bad,self-employed,mortgage,0
25,5978,682,20854,30,0.7110852001601712,good,formal,mortgage,1
44,2555,532,17680,24,0.5112655366129483,good,informal,rent,0
26,6425,768,17529,30,0.7234921362680958,average,formal,own,0
54,4519,603,18754,19,0.5179974471124708,good,self-employed,rent,1
50,4250,670,2715,16,0.6128198861082838,average,informal,own,0
68,6421,678,21054,1,0.7290653243160324,good,formal,own,1
59,5888,624,19899,24,0.42408644367028536,average,formal,mortgage,1
61,4278,708,6866,12,0.10216651985636167,good,informal,rent,1
41,7318,602,13047,38,0.7799571967561508,good,informal,mortgage,1
32,2837,737,14685,27,0.4047122900997301,average,self-employed,rent,0
49,6231,515,13924,5,0.49683418081326647,good,informal,rent,1
49,6186,662,17670,2,0.10621331372317498,good,self-employed,mortgage,1
41,4380,843,26450,34,0.49367360828007845,good,formal,rent,1
58,5652,549,23654,17,0.8891899212573836,average,self-employed,rent,0
69,2497,582,4502,10,0.3226141286550157,average,formal,own,0
66,6848,701,19976,19,0.41633461619390244,good,informal,rent,1
66,4630,667,25631,4,0.6497519971749413,bad,formal,rent,0
69,3954,685,18094,18,0.751834934018927,bad,informal,mortgage,0
29,7098,698,23727,21,0.4339132992048803,average,formal,mortgage,1
56,3591,713,31098,18,0.34773509632103405,average,formal,rent,0
19,2183,760,23189,15,0.8502606399880537,good,formal,own,0
20,1886,690,16994,23,0.6417159733373354,average,formal,own,0
66,6212,625,23360,3,0.19521704359451286,good,self-employed,mortgage,1
54,2439,717,16159,14,0.1551423025077189,good,formal,rent,1
66,8509,839,15191,24,0.4868398806322952,bad,self-employed,rent,1
34,1000,636,12188,34,0.276072052837818,average,informal,own,0
66,8392,552,27507,13,0.30318780270100276,good,informal,own,1
19,5422,760,8452,18,0.8021537430622786,good,self-employed,own,1
19,4806,637,27258,37,0.17165281945304856,average,informal,mortgage,1
45,3910,432,18998,35,0.6722912921831117,good,informal,rent,0
40,5798,734,3805,6,0.31691380270447045,good,formal,mortgage,1
54,4924,596,17941,29,0.7082625771233102,good,formal,rent,0
49,7206,640,1000,18,0.6779291075708357,good,formal,mortgage,1
50,5228,683,20004,24,0.10591352115543443,average,self-employed,rent,1
18,5300,669,22081,15,0.5073083303372793,good,self-employed,own,1
36,4272,720,10261,39,0.2114555859024371,average,informal,own,1
19,4886,606,15988,7,0.7929816244629414,good,formal,own,1
61,5615,701,30633,17,0.7972687062899253,average,self-employed,mortgage,0
43,1579,624,10954,27,0.43467664599500644,bad,self-employed,own,0
49,2303,723,6528,15,0.4555164947608644,average,formal,rent,0
23,6486,711,26853,18,0.3426263515236217,bad,self-employed,mortgage,1
49,5341,556,30700,16,0.6732850391680248,bad,formal,rent,0
21,4632,758,15029,12,0.3869290904211673,good,informal,mortgage,1
28,5036,596,23091,6,0.31423397961810706,average,informal,rent,0
34,5695,730,25731,26,0.4457848476036066,bad,informal,rent,1
55,3920,686,9060,9,0.17319001470996698,good,formal,mortgage,1
41,3443,833,11117,33,0.697282563715363,good,self-employed,mortgage,0
22,5391,627,24846,35,0.11007712101742957,bad,informal,own,1
69,3043,615,28480,24,0.6155880492164751,average,informal,own,0
51,5816,648,19503,5,0.24629162140389793,good,informal,rent,1
23,1594,619,7961,23,0.28592323697153055,good,self-employed,rent,1
39,7058,729,30896,17,0.6085055989120319,average,self-employed,rent,0
28,5945,488,10752,22,0.8943547726263258,average,formal,mortgage,0
65,5512,544,12318,5,0.7221739912580406,average,informal,mortgage,0
33,6965,543,17738,28,0.2806717057787136,average,self-employed,own,0
50,8330,745,27433,24,0.24081980403290704,average,formal,rent,1
26,7028,821,21831,16,0.7929862962141363,average,informal,own,0
23,1318,639,18318,23,0.4553471583372034,average,self-employed,mortgage,0
33,2440,633,18706,10,0.20964224226252437,average,self-employed,mortgage,0
46,3750,657,15348,25,0.7897691386575505,average,formal,mortgage,0
20,5052,766,19465,33,0.7528738823314092,good,informal,own,1
37,6035,557,1000,27,0.8871250911177309,good,informal,mortgage,0
53,3548,673,12627,2,0.8277949493701472,bad,self-employed,rent,0
36,5373,747,16930,10,0.7814322709284334,good,informal,own,1
43,3489,700,5791,37,0.14205951824880253,good,formal,mortgage,1
20,3776,668,18090,13,0.18353229559849443,good,self-employed,own,1
36,2186,750,13364,25,0.5551865554432983,bad,self-employed,own,0
37,3153,379,29043,20,0.5251833970254567,good,formal,mortgage,0
49,2296,717,27584,38,0.4663705715916284,good,self-employed,mortgage,1
24,3048,584,11273,29,0.41743146033166745,good,informal,own,0
69,7107,466,13793,7,0.4449683878914631,average,informal,own,0
58,3101,701,14408,19,0.5554383473078363,good,self-employed,mortgage,0
50,10264,787,11386,31,0.10166121408006497,good,formal,rent,1
57,5986,636,16560,21,0.3085670193062818,good,formal,own,1
56,5369,745,8933,6,0.5146237765509689,bad,informal,own,0
35,3283,811,5955,8,0.677772878938917,good,formal,rent,0
57,6400,781,19981,0,0.23932535391631707,good,self-employed,mortgage,1
18,3848,813,20036,28,0.5375049390299463,average,self-employed,mortgage,0
28,5244,724,8565,7,0.6715677471086254,bad,informal,rent,0
45,10120,657,22162,3,0.4557021263311237,average,informal,mortgage,1
42,4807,489,9947,34,0.12166490693604085,bad,informal,mortgage,0
67,7298,625,17025,2,0.4594145267725094,bad,formal,own,1
40,3593,565,21562,39,0.33715591019532254,good,self-employed,own,0
48,4930,850,14731,6,0.8437196861610626,average,self-employed,own,0
47,8541,632,18637,26,0.1996907085426619,good,self-employed,rent,1
59,3746,662,10868,0,0.6219807644057858,average,informal,mortgage,0
52,8624,705,13428,26,0.14217581306760094,good,self-employed,mortgage,1
24,6415,654,13353,15,0.4569363502501572,good,formal,own,1
33,3875,819,9027,37,0.5431835897760645,bad,formal,own,0
43,6264,587,13585,6,0.3383639450534924,good,self-employed,rent,1
65,6945,669,2611,22,0.4640605084163075,bad,informal,mortgage,1
69,6243,575,11070,10,0.2308430356241499,good,self-employed,rent,1
66,1859,517,12720,32,0.34329907957442896,good,formal,mortgage,0
19,3545,588,12950,35,0.5968850599281624,bad,formal,rent,0
18,4504,646,13068,36,0.3414400446889241,average,formal,own,1
65,4851,607,14505,16,0.8197944627270973,average,self-employed,rent,0
29,6241,580,18835,34,0.6027255661127918,good,formal,rent,0
22,5355,509,21996,4,0.4509192147487876,average,informal,own,0
54,2329,641,9801,31,0.131005548443346,average,self-employed,mortgage,0
49,5760,499,5374,2,0.49963866816373703,average,self-employed,mortgage,0
26,6221,726,6663,34,0.7118209937000713,good,formal,own,1
58,6119,658,11102,13,0.3124460784099309,bad,formal,rent,1
52,7161,504,12184,30,0.7454188557190139,average,informal,rent,0
36,6667,619,8840,30,0.3014454128407052,bad,self-employed,rent,1
65,5918,574,4631,16,0.7589971103606404,average,formal,mortgage,0
33,4859,681,11351,23,0.16821467328934192,average,informal,rent,1
20,1678,784,16451,22,0.7929469670952236,good,formal,mortgage,0
37,5859,462,19760,17,0.49934916074666436,good,self-employed,rent,1
41,5415,661,10540,13,0.3372300716962096,bad,formal,own,1
50,5543,633,11696,14,0.312090600332119,good,self-employed,own,1
41,2446,717,7586,14,0.44560844714429015,good,formal,mortgage,1
69,2837,671,14748,5,0.899239598482916,good,self-employed,mortgage,0
28,7106,574,8212,26,0.27626191475006606,good,informal,own,1
66,4920,618,19585,14,0.1825733191031997,bad,self-employed,own,1
25,6363,570,1000,35,0.5680281349749295,bad,informal,rent,0
53,5056,757,12122,7,0.49083397315220567,good,self-employed,own,1
55,5059,652,17408,14,0.519357016850646,good,informal,mortgage,1
57,6876,840,16470,2,0.6335483340457737,average,formal,own,0
37,3967,643,36544,12,0.3137152558965195,average,self-employed,mortgage,0
52,5192,579,17798,33,0.8285319963071108,bad,formal,mortgage,0
65,4075,498,6967,23,0.4485376528978323,average,informal,rent,0
42,4131,469,14236,39,0.20326895611396945,good,self-employed,rent,1
52,4381,491,1000,31,0.6938390053871555,average,self-employed,rent,0
42,5444,676,14355,31,0.6144834820942802,bad,formal,rent,0
46,4042,700,8335,29,0.35259472198722974,average,self-employed,own,1
35,7511,491,22323,12,0.5972149792272389,average,self-employed,rent,0
63,3210,739,10603,0,0.2758895650951815,good,formal,own,1
35,4626,601,14065,33,0.4558714874724237,average,self-employed,rent,1
19,4120,664,9915,14,0.8195300177338602,average,formal,rent,0
52,7893,811,28910,13,0.20682738652859955,good,formal,mortgage,1
33,5393,739,12430,28,0.4093571599899696,good,formal,own,1
58,7063,623,29660,33,0.7569139397762779,good,formal,mortgage,1
53,2028,560,21513,17,0.8755927195249426,good,formal,rent,0
50,5534,434,18856,6,0.4631409091374368,good,informal,own,1
21,6779,578,17949,28,0.5055996961146779,good,informal,rent,0
50,5164,628,18150,30,0.5577375694270158,average,formal,mortgage,0
31,7130,551,1000,24,0.8458785133069687,good,informal,own,0
38,3965,636,12768,37,0.7865654327816238,good,informal,mortgage,0
65,7818,657,21761,13,0.23648089969731548,bad,self-employed,rent,1
37,9597,627,14608,7,0.44940625427766,average,formal,rent,1
25,4274,584,3758,26,0.47120034255714105,average,informal,rent,0
24,4108,666,14580,1,0.7312768893190054,good,self-employed,own,1
20,7906,694,28632,16,0.5823143060843482,average,self-employed,mortgage,0
34,8159,540,24975,36,0.6233763696232104,good,formal,mortgage,0
50,3954,791,14503,13,0.8985599261324941,bad,formal,rent,0
65,4159,640,22611,24,0.15996803477601046,good,self-employed,mortgage,1
29,4436,651,12067,29,0.2784078588269864,average,formal,own,1
68,2311,720,1369,28,0.42631674989723745,good,formal,rent,1
39,3162,673,7604,19,0.3782259224391098,average,self-employed,rent,0
39,2991,745,27503,20,0.11731644907758687,average,self-employed,rent,0
63,3464,678,12808,21,0.1734220851769407,good,formal,own,1
47,4930,588,13052,34,0.644762633122861,good,informal,rent,0
55,5468,686,12601,36,0.8034595706900486,average,formal,rent,0
55,8101,535,30233,15,0.5113816090127821,bad,informal,rent,0
62,3003,660,28007,16,0.5313528636109064,bad,self-employed,rent,0
68,6968,646,32750,15,0.30407474626590353,good,informal,mortgage,1
25,4572,629,13727,1,0.7143010909069691,good,self-employed,rent,1
44,4901,637,17364,3,0.7014356698938051,bad,formal,own,0
44,6349,461,2866,20,0.5706925513741253,average,formal,rent,0
51,2754,595,26815,38,0.2701314292090743,average,self-employed,rent,0
38,5764,659,5657,33,0.17761457458967156,bad,self-employed,mortgage,1
47,5332,665,16734,29,0.15139086068570073,bad,self-employed,rent,1
50,5984,547,6221,5,0.5741568533143022,average,formal,mortgage,0
45,5578,776,10289,16,0.76002825531424,good,formal,own,1
64,9910,563,8301,38,0.7866643454247398,good,informal,mortgage,0
50,3724,746,10136,24,0.4708976594747599,average,self-employed,rent,0
22,3938,692,10687,4,0.7274170394453735,good,informal,own,0
65,3753,585,10613,4,0.8575041570728189,good,formal,rent,0
36,3889,827,21666,19,0.3201360899904544,good,informal,mortgage,1
21,3725,530,6161,15,0.4183682771046058,good,informal,own,0
52,7378,741,16764,36,0.8451831940773445,average,formal,own,0
66,7841,750,24743,39,0.37058477385382793,average,formal,mortgage,1
34,3858,582,10894,8,0.831101032257437,good,self-employed,mortgage,0
61,3335,789,9256,4,0.8848358898035726,good,informal,own,0
45,5942,624,13155,1,0.6294485828595398,bad,formal,own,0
47,3895,678,24437,8,0.7535122316033347,good,formal,mortgage,0
46,6265,676,16552,35,0.6996364513768681,average,informal,rent,0
63,5405,636,10750,21,0.659627406092419,bad,formal,own,0
23,1968,731,18871,21,0.34554485838498605,good,self-employed,mortgage,1
52,8095,729,6181,21,0.14567547032635497,average,self-employed,rent,1
58,8591,475,20450,33,0.3744413860157205,bad,informal,own,0
54,3774,780,18268,28,0.6335487881631253,good,self-employed,own,0
41,4224,483,12537,37,0.1820233585822411,average,formal,mortgage,0
46,5571,753,8291,32,0.10953438638259368,good,formal,rent,1
66,5668,762,7906,17,0.21175389808235093,good,formal,own,1
63,6317,540,19278,6,0.6725887411286362,bad,formal,rent,0
48,9020,608,24831,0,0.8782349613251552,bad,informal,rent,0
52,4646,539,9901,32,0.8864517596918564,average,self-employed,own,0
50,3403,628,18667,0,0.4951833193121503,good,self-employed,rent,1
69,2241,619,1000,23,0.795481840793878,good,formal,own,0
38,3538,727,10323,3,0.6894611646012032,average,informal,rent,0
49,4933,781,14751,3,0.5008321895876827,good,formal,own,1
40,8589,789,7722,17,0.5582084263640694,average,formal,mortgage,0
50,3964,593,7507,26,0.20978171729349687,average,informal,own,0
20,5447,629,9657,31,0.8501291684932737,average,informal,own,0
35,4967,481,17337,32,0.38154381658542147,average,formal,own,0
42,7376,569,13501,27,0.4569194051657356,good,self-employed,rent,1
59,10053,746,1000,35,0.637328184798319,good,formal,mortgage,1
48,3938,811,1000,5,0.3671219772212432,good,self-employed,rent,1
20,4021,526,10145,15,0.3034073287911444,average,self-employed,rent,0
57,7088,590,18661,33,0.6048395146161765,average,informal,own,0
63,6363,647,1000,22,0.11998726582547957,average,informal,rent,1
41,8693,678,11002,23,0.6765800896213431,average,formal,own,0
67,6167,569,10790,12,0.5112186959012078,bad,self-employed,mortgage,0
49,4281,692,26106,17,0.5846029844167475,good,self-employed,rent,1
64,6181,602,11919,12,0.6055041273975081,good,formal,rent,1
39,7217,648,18063,36,0.521640125194051,good,formal,rent,1
40,6640,704,16130,38,0.5660270219525888,average,formal,own,0
19,6014,650,1000,16,0.6470305607118997,good,informal,own,1
44,7133,606,21145,14,0.7024950777437393,bad,formal,rent,0
59,7338,639,16723,17,0.6819619130288964,average,formal,rent,0
19,7764,641,19066,22,0.7956931661858094,bad,self-employed,mortgage,0
43,6297,612,46409,29,0.2515547465339222,bad,formal,mortgage,1
34,4665,624,1000,33,0.42091837559343803,good,self-employed,mortgage,1
57,5293,809,28797,3,0.8582368528115657,good,self-employed,mortgage,1
50,7413,706,12700,2,0.4172724595090638,average,informal,mortgage,1
26,3366,620,17298,6,0.19989606152473816,good,formal,own,1
60,5737,719,14635,17,0.5203561010897436,good,formal,mortgage,1
65,4213,616,11606,6,0.18759277804356975,average,self-employed,mortgage,1
56,5057,767,10441,39,0.2622825909822922,good,informal,rent,1
46,7556,686,17636,5,0.8986550052567653,average,informal,own,0
59,5382,639,2862,21,0.5330901107169056,average,formal,mortgage,0
43,5092,694,21004,0,0.3272467112323432,good,self-employed,mortgage,1
52,2280,492,11670,3,0.8958199636591249,good,formal,mortgage,0
67,6492,537,5959,28,0.8732471348441145,good,formal,rent,0
42,6290,530,11399,20,0.4525912328674109,average,formal,rent,0
41,9326,664,25057,25,0.3083224870303267,good,formal,rent,1
30,4384,823,10717,13,0.770719710473752,bad,self-employed,mortgage,0
24,5438,850,17867,8,0.6724965735774286,good,informal,rent,1
53,5498,713,9152,11,0.6495531480028083,good,formal,mortgage,1
62,8154,700,21063,5,0.8144909930579781,good,formal,own,1
37,4809,469,20484,19,0.6515337070970597,good,formal,mortgage,0
18,5558,595,29788,23,0.32703835443323936,good,formal,rent,1
25,6215,571,13595,26,0.6550905295005858,average,informal,own,0
63,5373,587,20349,37,0.3446508090269312,average,informal,mortgage,0
33,4107,633,15784,7,0.7073911837255961,good,informal,own,1
31,5388,602,25366,0,0.5957982835932528,good,informal,own,1
29,7147,452,9249,23,0.16192924158780048,average,formal,own,0
68,2946,724,20960,6,0.5102682899481137,average,self-employed,mortgage,0
40,5265,542,13442,18,0.3746407753565928,good,informal,rent,1
32,3599,673,14486,21,0.3628565061858354,bad,informal,mortgage,0
45,7390,850,15734,34,0.5818050419018058,good,formal,rent,1
51,1953,558,17017,29,0.3578598595755399,average,formal,mortgage,0
19,3882,396,14070,28,0.7215149985638981,good,formal,mortgage,0
49,5754,621,16717,21,0.15663314880893955,good,formal,mortgage,1
40,8131,760,27624,10,0.6283106019166603,bad,self-employed,rent,0
39,4868,845,22883,19,0.747355842925393,good,self-employed,mortgage,1
68,3889,527,21953,28,0.638265351936344,average,informal,own,0
42,8762,699,11355,33,0.49778335601599666,good,self-employed,mortgage,1
39,2103,603,7886,0,0.860245610988945,average,informal,own,0
39,1000,639,22642,30,0.3399507918384509,bad,informal,rent,0
66,5880,850,22008,29,0.11533431001998223,good,self-employed,rent,1
69,3995,499,26781,17,0.44559149717075275,bad,informal,mortgage,0
59,2957,675,10168,16,0.1264095487202618,average,formal,mortgage,0
23,6416,696,13163,37,0.863149402021127,average,informal,mortgage,0
32,5487,758,1884,13,0.2679344365984412,average,formal,own,1
60,3871,659,11860,22,0.7311416191591036,bad,self-employed,rent,0
54,2439,680,22972,24,0.7196576665394919,good,self-employed,own,0
50,6744,610,11268,14,0.2741831197463468,good,informal,own,1
25,6300,676,20123,21,0.5969812243841338,bad,formal,mortgage,0
61,4801,615,13475,2,0.13846317478916018,average,informal,mortgage,1
61,8693,712,17592,18,0.48685966856309404,good,self-employed,own,1
22,2859,613,5818,33,0.1117177018179894,average,informal,own,0
56,1948,687,15681,34,0.8369151041446735,average,informal,mortgage,0
21,3616,647,1000,0,0.8808688193596573,good,formal,mortgage,0
23,4908,762,13504,20,0.2778262133108682,good,self-employed,own,1
62,5486,644,1956,28,0.26648482767709825,average,informal,mortgage,1
49,4517,472,24647,5,0.7029761412497038,good,formal,mortgage,0
69,5704,776,21219,36,0.3027035190634676,average,informal,own,1
47,2496,559,18733,0,0.816061247329476,bad,formal,own,0
64,7887,584,27168,0,0.5591433088983858,good,formal,rent,0
52,4835,590,7408,26,0.3806220984082497,good,informal,own,1
57,7234,787,28978,20,0.766154997079536,good,self-employed,mortgage,1
69,5685,436,22457,15,0.4947253603307161,good,self-employed,own,1
33,5913,850,13107,39,0.8293063309667804,average,formal,own,0
30,6139,755,24084,25,0.8424113893835048,good,self-employed,own,1
67,5895,672,6149,15,0.23233612170272747,average,formal,rent,1
59,6285,644,8403,27,0.10185872490554422,good,self-employed,rent,1
47,7658,678,10131,0,0.8871447521139219,good,informal,mortgage,1
36,5393,702,10768,35,0.8249100289019835,good,self-employed,rent,1
34,6418,714,6547,9,0.14435618856307314,good,formal,own,1
36,4820,705,24784,16,0.766427411152856,good,formal,rent,1
45,7880,658,12929,22,0.4662439460473653,good,self-employed,own,1
43,3647,630,17820,6,0.3071692840199802,bad,informal,rent,0
54,8601,634,10437,6,0.8029972189415439,average,formal,rent,0
43,4919,630,1000,14,0.2573337859122458,good,formal,rent,1
40,2138,763,17160,33,0.8578399995360536,good,formal,own,0
26,5256,709,1000,3,0.2644971901594729,good,formal,rent,1
29,3637,355,14450,13,0.5909465501829948,good,formal,own,0
18,6681,715,4053,13,0.2784690676231799,good,informal,own,1
18,3694,669,30898,15,0.5365349319749079,good,self-employed,mortgage,0
64,4107,648,22290,6,0.647180103932113,good,informal,rent,1
51,1220,611,15846,31,0.25218234465611006,good,informal,mortgage,1
49,4095,762,25109,18,0.5167086261605434,good,formal,mortgage,1
65,1000,744,8229,1,0.4752477955120952,good,informal,own,1
42,1832,572,19347,9,0.156829937122673,average,formal,rent,0
57,6520,690,16598,16,0.7546462541402423,good,informal,own,1
62,6571,552,17112,36,0.3685459205142734,good,formal,own,1
18,5850,512,25178,11,0.5596657580415036,average,formal,rent,0
33,3066,587,20859,5,0.5118273879465075,bad,informal,own,0
56,4904,736,17309,21,0.5106084036563538,bad,informal,rent,0
22,4992,745,1760,31,0.18577791536678998,average,self-employed,rent,1
39,2683,701,7319,19,0.43878560739946626,good,self-employed,own,1
46,8006,722,14018,0,0.4618934073652562,average,self-employed,own,1
20,6754,701,15746,5,0.6869142722915588,average,informal,mortgage,0
29,4558,585,5958,18,0.7720150655365589,good,informal,own,0
43,5053,693,34293,17,0.5359858224800144,average,formal,rent,0
33,5416,730,27131,5,0.1694263632519924,bad,self-employed,mortgage,1
68,1000,725,19816,32,0.289479576477237,good,formal,rent,1
54,4505,768,15576,22,0.23194722148218486,good,formal,mortgage,1
39,3636,720,13302,22,0.1996920505512998,good,formal,own,1
46,2996,685,7384,25,0.3927194388942461,good,formal,own,1
31,4437,757,15619,12,0.2835148017235056,good,self-employed,own,1
45,8595,647,17062,6,0.2746424894492099,average,formal,rent,1
22,6281,561,5065,14,0.14375453966101415,average,informal,mortgage,0
64,3857,633,17673,26,0.11413603583634711,good,informal,rent,1
66,6145,575,13757,25,0.18221459411982543,bad,informal,mortgage,0
47,7798,582,1000,32,0.23775798353890645,good,self-employed,own,1
63,6849,635,8116,14,0.44478698307856257,good,formal,rent,1
69,5119,570,11691,35,0.5084162090390757,average,self-employed,own,0
22,3706,619,30101,26,0.21247353453869247,average,formal,rent,0
29,6396,460,19452,4,0.4398266732193491,average,self-employed,own,0
33,5786,671,4316,1,0.3733990738607419,bad,self-employed,rent,1
43,6790,650,18888,32,0.24673891479836485,average,formal,rent,1
43,6270,568,2621,15,0.10547259851869084,bad,self-employed,mortgage,0
65,7099,715,23661,22,0.47361429321739335,good,formal,own,1
38,3929,743,11231,37,0.6485213994121595,average,informal,mortgage,0
56,7634,489,14250,15,0.28102186731504564,bad,informal,mortgage,0
53,5395,573,25606,13,0.2054454639173435,average,informal,own,0
50,9150,573,4702,28,0.8096341955575695,good,self-employed,rent,0
47,3621,556,3823,25,0.32001981799023826,average,informal,mortgage,0
54,8471,732,10331,34,0.2788900958341318,average,formal,own,1
40,5395,630,23307,14,0.7856775516879327,good,informal,rent,1
27,3697,623,2845,2,0.753685679333409,bad,informal,mortgage,0
22,4032,449,1000,22,0.45867717641970696,good,self-employed,mortgage,1
53,4359,713,11390,28,0.49139108914221963,good,formal,mortgage,1
51,5848,526,19413,33,0.2741989638672176,bad,self-employed,rent,0
69,6045,655,24602,32,0.162641336383646,good,self-employed,mortgage,1
48,3852,677,11294,22,0.5587454602845289,good,formal,rent,0
27,4951,786,11708,6,0.17867593727217052,average,self-employed,mortgage,1
36,9284,519,24231,2,0.4594196375653199,average,formal,own,0
49,8455,348,1000,31,0.8523977588104086,good,informal,mortgage,0
18,5872,668,11891,30,0.8622675113364675,bad,formal,own,0
22,5076,830,16523,17,0.2914658292378869,average,formal,own,1
62,5240,773,18593,6,0.5992907360365235,average,formal,own,0
21,6227,670,10921,0,0.4792610112862862,average,self-employed,rent,1
33,2954,600,15275,13,0.8005481020688848,average,formal,own,0
41,4485,730,1000,31,0.31714469142084256,good,formal,mortgage,1
33,1662,552,9734,5,0.10296192546593348,good,formal,rent,0
19,5798,697,18628,38,0.2300489647451321,average,informal,own,1
66,6294,700,7141,9,0.37961824093551844,bad,formal,rent,1
45,4033,756,15471,6,0.35257690381639095,good,self-employed,rent,1
49,8147,850,18574,25,0.7330903352983088,average,formal,rent,0
44,2548,689,12259,33,0.6444485329110703,bad,formal,mortgage,0
37,2071,599,16363,29,0.33964505569191783,good,informal,own,0
41,5448,647,7298,35,0.46619505373297077,good,formal,rent,1
29,7094,473,13347,20,0.1764472831666682,good,self-employed,rent,1
67,8367,580,19881,16,0.8185171558560806,average,formal,rent,0
52,4082,609,16255,32,0.8483398595588273,good,self-employed,own,1
50,7157,597,10307,9,0.8838428283047505,good,informal,rent,0
50,4922,665,16793,11,0.7948422646286701,average,formal,rent,0
68,4654,567,20716,15,0.23916871015698044,average,informal,mortgage,0
60,6767,762,1000,31,0.13695718656130307,good,formal,own,1
54,6304,650,24272,14,0.5636773819301392,good,self-employed,mortgage,1
29,1847,649,12309,26,0.8300840215064883,average,informal,own,0
20,7953,617,18403,27,0.24188108932779429,bad,formal,own,1
18,7760,665,24577,16,0.1056343316993135,bad,self-employed,own,1
50,3748,732,4026,1,0.7443968368257955,average,informal,mortgage,0
57,5791,563,9324,35,0.1614365474293872,good,formal,mortgage,1
27,5988,584,12691,6,0.4309648255280244,good,informal,mortgage,1
60,5521,619,8729,12,0.643109869751028,good,formal,mortgage,1
61,3899,515,28879,14,0.2894380683649441,good,self-employed,rent,0
46,3656,568,8145,24,0.16717005075738137,average,self-employed,rent,0
30,4948,602,10555,22,0.716016982764663,good,informal,rent,1
29,7345,737,16635,21,0.6041400679096331,good,informal,own,1
48,6087,676,5382,25,0.8907923875894438,bad,formal,rent,0
63,4258,669,11834,32,0.3754464266559675,good,self-employed,own,1
19,6543,735,17539,10,0.14940990903215978,good,formal,mortgage,1
68,1000,636,12337,9,0.6874800282682366,good,self-employed,own,0
67,7297,689,14252,24,0.5173867350825966,average,informal,own,0
52,1520,639,10765,36,0.2705631451113081,average,formal,rent,0
40,4275,676,2884,37,0.7253831912038076,good,formal,mortgage,1
34,2760,591,17572,23,0.263004388679955,average,self-employed,mortgage,0
43,2410,406,29039,39,0.30852932386634924,average,self-employed,rent,0
25,7321,636,15147,32,0.17402284349337532,bad,self-employed,mortgage,1
46,4064,792,16802,16,0.4195458232246836,bad,informal,mortgage,1
43,5693,742,20541,23,0.43514337914993517,bad,formal,mortgage,1
27,4906,746,4845,36,0.5116494322786388,average,self-employed,rent,0
43,5954,773,28620,1,0.667171413699022,good,informal,mortgage,1
51,5153,658,16618,31,0.8248807429443407,good,self-employed,own,1
68,2434,669,28054,23,0.21018727911024693,good,formal,own,1
58,6992,588,9135,8,0.14347847867892566,average,self-employed,mortgage,0
24,4012,618,29544,3,0.11482498687546663,bad,formal,rent,1
21,1886,711,21201,16,0.214897102455053,average,informal,rent,0
67,4143,770,19424,16,0.6263595886253007,good,informal,rent,1
62,8001,636,16872,29,0.6819816623971973,average,self-employed,mortgage,0
28,6700,604,13011,39,0.7292045708224978,bad,formal,mortgage,0
46,4302,650,24604,10,0.2949665695234741,average,formal,own,1
53,4301,710,16122,20,0.34471585060921595,bad,formal,rent,1
42,4356,505,1000,20,0.48650771645239954,bad,self-employed,own,0
38,9153,420,6062,17,0.1505464774881812,bad,formal,own,0
53,5763,594,13513,28,0.5889132185689969,average,formal,rent,0
27,5860,527,17479,23,0.8869880269406062,average,formal,mortgage,0
54,7060,599,14547,9,0.38864504910240205,good,formal,mortgage,1
26,5477,635,24751,16,0.7022779800731072,good,self-employed,own,1
41,4481,604,1000,17,0.5000271324556864,average,self-employed,own,0
52,4607,795,16148,19,0.20224947548830619,good,formal,own,1
66,4856,682,1000,36,0.5657899590420691,bad,formal,own,0
52,4925,680,21077,17,0.339899414755252,good,informal,rent,1
65,6455,712,14244,16,0.1275225667627666,bad,informal,own,1
53,5103,536,18356,8,0.607943784094195,good,formal,own,0
35,6465,753,8088,13,0.7871458794597821,good,formal,mortgage,1
66,4838,642,25235,28,0.37581581351989934,bad,informal,mortgage,1
56,5157,717,23333,30,0.41223643777021646,good,informal,mortgage,1
49,1003,542,19668,3,0.8128173463737692,good,formal,rent,0
41,6832,494,13963,17,0.7508870506938847,good,self-employed,rent,0
40,5692,731,19638,19,0.6719622588414217,average,self-employed,mortgage,0
49,6996,687,9344,8,0.29903765100251833,good,formal,mortgage,1
54,1000,559,21844,12,0.8281733239733157,average,formal,own,0
29,9176,563,28195,14,0.2235326060313704,average,informal,own,0
66,4720,762,23564,26,0.6014164155337774,average,informal,rent,0
30,7216,531,9163,14,0.12304094443721497,average,self-employed,rent,0
40,2920,814,17891,27,0.6149758450599567,average,formal,own,0
42,6225,559,4654,36,0.3217154814986879,good,informal,mortgage,1
52,2893,713,19579,18,0.459741581746976,bad,self-employed,own,0
58,3752,617,18604,25,0.37621164164564247,good,self-employed,rent,1
47,8828,710,1000,25,0.23820540499696793,average,self-employed,rent,1
34,4618,595,5705,24,0.5975846320750993,good,informal,own,0
66,5434,633,12734,25,0.805580444112486,bad,informal,own,0
37,6740,654,12593,25,0.8672673938259228,good,formal,own,1
65,5991,549,5324,27,0.25387709052313207,good,formal,rent,1
42,5300,724,18111,17,0.6738982192503787,average,self-employed,mortgage,0
39,5729,598,17011,31,0.6314714932845458,average,self-employed,own,0
30,9806,627,13445,2,0.3747022316596581,good,informal,rent,1
36,4884,550,8953,1,0.11527935948298068,average,informal,rent,0
66,5402,393,23389,32,0.6518329978502929,average,formal,rent,0
53,7101,630,28243,18,0.8563958884476002,bad,formal,own,0
29,7211,850,11131,16,0.6056960975325211,average,formal,own,0
58,7374,728,10102,32,0.44823417935010734,good,informal,mortgage,1
36,6277,648,18929,11,0.5201231152893028,good,self-employed,rent,1
29,2713,623,12135,2,0.25970304612793405,bad,formal,own,0
26,8266,652,13884,25,0.70043533100299,bad,formal,rent,0
24,2707,704,20917,34,0.6971358640078792,good,informal,rent,0
45,5605,531,1000,7,0.21641384030993996,good,formal,mortgage,1
31,3491,761,25546,35,0.8023827059997273,average,self-employed,own,0
48,4871,721,15581,6,0.31535179157864424,good,informal,own,1
69,5657,721,11708,35,0.8858048487492919,good,formal,rent,1
36,5642,693,14286,15,0.4063224112297966,good,formal,rent,1
64,5843,651,14699,23,0.24230724698759973,good,informal,mortgage,1
33,8227,717,1150,0,0.3813760890765219,good,informal,mortgage,1
22,5907,709,26959,24,0.45214426295775456,average,formal,mortgage,1
52,4511,614,15330,9,0.15544621843063589,good,self-employed,mortgage,1
29,6928,592,18544,15,0.5625747049786316,good,informal,mortgage,0
42,7378,660,22612,15,0.5781059518951203,good,self-employed,mortgage,1
69,2544,804,6830,7,0.6911443642795778,good,formal,rent,0
38,6194,526,18787,28,0.12333591383259464,good,self-employed,mortgage,1
53,6402,503,12858,38,0.5329905715470641,good,formal,rent,0
40,4404,666,21774,27,0.14232594661653153,average,formal,rent,1
33,7751,655,1000,5,0.6609153759733227,good,formal,own,1
56,4699,667,14207,15,0.1445823885607876,good,formal,rent,1
62,5251,674,10177,19,0.8293822786733062,good,self-employed,rent,1
59,4653,627,18458,15,0.6616660535075972,average,formal,mortgage,0
56,5031,798,18760,6,0.5059118120681257,bad,formal,rent,0
31,2807,489,9338,13,0.45320313862494,good,self-employed,mortgage,0
48,2119,567,9302,25,0.20453810433060993,bad,informal,mortgage,0
22,8189,639,14114,25,0.3327995116517305,good,self-employed,mortgage,1
52,3306,485,7826,13,0.795167284016717,bad,self-employed,own,0
40,3017,632,21735,6,0.8235622492499951,good,self-employed,mortgage,0
46,1000,816,12046,32,0.10059816669642485,average,formal,rent,0
60,3722,652,1000,25,0.575309113182041,average,formal,mortgage,0
28,2353,673,12001,19,0.6754404872200909,good,formal,mortgage,0
35,8284,523,6691,2,0.5949975859660851,bad,informal,mortgage,0
64,7019,588,1949,3,0.16534381189308317,average,formal,own,0
29,3623,612,5100,25,0.27417991903912176,good,informal,rent,1
26,9504,618,15875,10,0.30027221390510883,good,formal,own,1
27,6963,778,25629,1,0.7653797050440717,good,self-employed,rent,1
61,4350,705,17505,13,0.47055954904713637,bad,formal,own,1
34,1000,538,10147,29,0.4894625695529895,average,informal,rent,0
55,9581,674,18647,11,0.8479144372436068,good,informal,own,1
24,2220,699,11327,25,0.6096687110837724,average,formal,mortgage,0
63,1709,764,9443,32,0.8189341612421311,bad,self-employed,own,0
30,7045,808,5765,12,0.46520708427322643,average,formal,own,1
57,9879,548,1000,13,0.2195490068146354,average,formal,mortgage,0
59,7768,568,11880,23,0.8439484752592685,average,formal,mortgage,0
26,6127,524,16264,33,0.4669640925340306,good,self-employed,rent,1
67,6189,626,14227,25,0.2453051375030575,good,informal,rent,1
44,6706,696,11672,20,0.3419165922431378,bad,self-employed,rent,1
19,6517,748,7434,27,0.1406420717511538,good,informal,own,1
22,5562,642,19865,35,0.47464047316510816,bad,informal,rent,1
46,5208,618,4462,39,0.7825025375281893,good,informal,own,1
54,4874,665,21208,1,0.8468643648053515,good,self-employed,own,1
55,3492,566,6982,8,0.8460817660029151,bad,formal,rent,0
36,4438,850,8980,22,0.2001840205029974,average,formal,rent,1
25,1614,489,3265,14,0.40564310600884557,good,formal,own,0
65,4803,668,10988,12,0.1225830077205651,average,formal,mortgage,1
62,3022,850,22802,22,0.7841322759771783,average,formal,mortgage,0
18,2792,650,19125,16,0.3870046096170191,average,self-employed,own,0
39,5359,630,22827,1,0.6048936223137878,good,self-employed,rent,1
69,7784,614,19177,19,0.6719187504618309,bad,self-employed,own,0
34,6836,631,6170,19,0.44387573579452433,bad,self-employed,own,1
24,1858,787,12353,2,0.3451538692401944,good,self-employed,rent,1
42,3020,428,8758,11,0.8697703280927558,bad,self-employed,mortgage,0
62,6881,803,25644,39,0.8715905800190834,bad,self-employed,own,0
21,3035,507,5425,1,0.3315490944240176,average,formal,mortgage,0
53,4550,623,22149,35,0.48370007739556653,average,informal,mortgage,1
23,6100,607,22143,13,0.8782753269280179,good,self-employed,rent,1
48,3063,708,29636,15,0.10389472612440259,good,informal,own,1
36,5210,490,11722,18,0.4301425987033194,average,self-employed,own,0
61,2331,696,20698,33,0.18036603974477475,bad,self-employed,mortgage,0
56,3797,850,33253,5,0.5073263724500822,average,formal,mortgage,0
44,5639,513,10058,12,0.11973596363238972,average,informal,rent,0
27,1814,668,2719,35,0.4255187451125023,good,formal,mortgage,1
43,5880,583,1000,21,0.2765592598282681,good,formal,rent,1
36,4960,692,20701,17,0.5266466899669927,good,informal,own,1
56,6104,651,1000,11,0.8967949192805598,good,formal,rent,1
20,5447,585,12021,29,0.7404288841013982,average,self-employed,mortgage,0
62,7728,698,18498,39,0.7765136732995371,good,self-employed,own,1
30,5250,830,16481,6,0.6082119898872647,average,self-employed,rent,0
67,4141,630,18403,31,0.13324787861780685,good,self-employed,own,1
45,5244,721,16778,18,0.2654381408353153,average,self-employed,rent,1
37,6086,520,25230,5,0.840051645157644,average,formal,mortgage,0
45,5097,554,7381,19,0.39289049434300105,good,formal,mortgage,1
25,5081,697,9584,26,0.18290938118463648,good,self-employed,own,1
58,3596,798,8818,36,0.6619242926929616,good,self-employed,own,0
56,3674,685,21641,6,0.3395661791474037,bad,formal,own,0
18,2194,618,22203,4,0.31508553032333736,good,informal,rent,1
20,8499,649,18609,10,0.8983819644466083,average,formal,mortgage,0
30,2512,524,24467,14,0.7865111400213235,bad,formal,own,0
45,3614,710,5575,2,0.4263502546942729,average,formal,own,0
66,3563,738,28337,4,0.8842089662531992,good,formal,own,0
42,6789,604,27185,22,0.6200905787353709,bad,formal,rent,0
50,4410,602,20884,36,0.6936179615038082,good,informal,own,1
55,7495,676,29254,8,0.1252104344657693,good,self-employed,own,1
23,3653,606,1747,14,0.1972842074784457,bad,self-employed,rent,0
61,5557,643,10804,2,0.6064681011969907,average,informal,rent,0
62,3329,850,9117,28,0.8192191861195871,good,self-employed,own,0
49,9290,625,20771,5,0.5989949808700765,good,self-employed,own,1
62,2624,614,6598,16,0.20721991545519344,good,self-employed,rent,1
64,5619,585,21059,25,0.19260803699705972,average,informal,mortgage,0
38,6267,724,25964,20,0.7753487166592653,good,informal,rent,1
33,5827,631,20561,7,0.21144187096633146,bad,self-employed,mortgage,1
38,4629,585,17270,20,0.5161855684032204,bad,self-employed,own,0
28,4740,782,7097,10,0.12969065596984183,bad,self-employed,own,1
54,5087,791,8225,37,0.16453581391294192,good,formal,mortgage,1
53,4705,589,24996,7,0.6378786141142918,average,formal,rent,0
52,6927,463,21234,23,0.6513451283420133,bad,formal,own,0
36,9421,750,14687,34,0.3731755252867539,bad,informal,mortgage,1
37,3885,581,11656,13,0.27248781219443585,good,self-employed,rent,0
35,2260,729,1000,13,0.7509682166058463,good,informal,mortgage,0
64,4823,452,6433,9,0.2736825835759123,good,informal,rent,1
58,10159,739,30291,11,0.5336216557331038,average,informal,rent,0
66,3392,528,4756,37,0.8745670726903244,average,self-employed,rent,0
31,8278,723,16515,33,0.21828195028990705,bad,formal,rent,1
32,8355,651,23059,9,0.8527010139957671,good,self-employed,mortgage,1
48,3892,554,4960,16,0.24631444245493495,good,self-employed,mortgage,0
18,6137,609,16477,16,0.5539545664185836,good,informal,mortgage,1
20,8256,718,22503,2,0.4016061695669957,good,informal,mortgage,1
33,4241,660,15099,30,0.8719428812014608,good,informal,mortgage,1
40,4592,708,37947,0,0.3188336232015495,average,formal,rent,1
28,3836,847,1651,11,0.419726401668603,average,formal,own,0
29,2970,493,23469,38,0.8862880942843364,average,formal,own,0
27,3701,811,13617,3,0.5291763129507786,good,self-employed,mortgage,0
49,2552,660,21175,12,0.5021040924970028,good,informal,mortgage,0
33,5068,560,18530,33,0.306222790563193,good,self-employed,own,1
25,3460,516,9134,20,0.6610908482483532,bad,formal,rent,0
55,5467,631,16831,21,0.11149836142222212,good,informal,mortgage,1
29,1888,742,1000,3,0.13961010376183483,bad,formal,rent,0
41,5661,637,19825,17,0.5794868697086422,good,informal,own,1
45,6667,801,17385,4,0.3733396590547633,bad,informal,own,1
25,1012,504,20109,18,0.8626530977607685,bad,self-employed,mortgage,0
45,5748,648,23464,1,0.8225525525782286,good,self-employed,rent,1
53,7455,524,17940,11,0.6709650069413657,average,formal,mortgage,0
43,2580,686,16184,16,0.7545164649022411,good,self-employed,own,0
25,8345,738,7951,9,0.6338654797341546,bad,self-employed,rent,0
67,5838,607,9302,33,0.20046568216812855,good,self-employed,mortgage,1
45,3589,389,24493,5,0.7124346957513622,good,informal,mortgage,0
45,4888,669,26490,7,0.2681535749750771,average,self-employed,mortgage,1
54,6116,693,13095,10,0.3587542840801574,bad,formal,own,1
58,5152,690,15368,11,0.7553873696819362,good,informal,mortgage,1
53,6077,773,7763,8,0.5292204867147586,average,informal,rent,0
44,3158,542,24382,1,0.7879525713467274,good,self-employed,mortgage,0
34,5338,718,20323,7,0.2704282558746114,good,informal,own,1
26,2172,769,30529,10,0.5862227508855098,average,formal,mortgage,0
50,4777,472,7973,35,0.1670327780386093,good,formal,own,1
37,3192,681,11975,9,0.6144487948320237,good,informal,own,0
30,3528,599,16851,20,0.7100272302204278,bad,self-employed,rent,0
45,7472,641,20171,19,0.5679447151829774,good,self-employed,rent,1
65,7182,684,13274,7,0.3129852011990482,average,informal,mortgage,1
46,6218,601,8016,35,0.1250741350870934,good,formal,own,1
30,2815,582,22051,28,0.19555910717142863,good,informal,own,0
63,4367,653,20769,11,0.597842383259221,good,self-employed,rent,1
52,7426,541,7669,13,0.847536173474011,average,self-employed,rent,0
23,5283,541,25843,20,0.2652275231776051,average,informal,mortgage,0
35,9638,717,24361,21,0.688020919284079,good,formal,own,1
68,5786,535,16074,20,0.7931608505992332,good,informal,rent,0
22,5384,716,15636,29,0.5167057427580088,bad,formal,mortgage,0
64,4381,696,19432,38,0.6354126366749262,good,formal,own,1
42,5267,477,8106,19,0.7520122533409185,bad,informal,own,0
19,4695,582,15240,23,0.30854012619247484,good,informal,rent,1
27,6416,769,1000,22,0.3375165394144344,average,formal,mortgage,1
47,6913,551,22011,6,0.10050201330276494,good,formal,rent,1
67,3428,603,2508,8,0.870475304718242,bad,formal,mortgage,0
62,2337,696,27027,0,0.8340359156770759,average,formal,own,0
22,1327,728,12359,25,0.7116546110075442,good,self-employed,mortgage,0
50,6015,624,13306,37,0.16326081678131849,good,informal,mortgage,1
18,2793,590,9978,37,0.4580023117596065,average,formal,mortgage,0
35,1000,792,12695,21,0.18151340317724227,average,informal,mortgage,0
49,5777,823,26348,9,0.11273621381023889,good,formal,mortgage,1
64,9985,747,1000,5,0.5929463721700778,good,informal,rent,1
66,4987,658,25215,16,0.8686635336641507,bad,informal,mortgage,0
28,6676,569,17704,37,0.8222944187457201,good,formal,mortgage,0
38,5163,566,5343,23,0.6574038519483235,average,formal,own,0
43,4802,702,6397,9,0.17731246733189715,good,informal,mortgage,1
42,6838,691,28411,7,0.31933123013784015,bad,informal,own,1
39,4419,790,7435,20,0.35604538150823284,bad,informal,rent,1
44,5534,715,5773,5,0.710520046196449,bad,self-employed,rent,0
66,5643,499,24098,20,0.7417993433880913,good,formal,mortgage,0
30,3663,755,17708,38,0.4080848983919364,bad,self-employed,rent,0
50,6984,550,7496,23,0.43430719729408773,good,self-employed,mortgage,1
51,4650,611,16732,32,0.13560723142093709,average,formal,rent,1
58,3488,675,6793,17,0.33130937473500877,average,formal,mortgage,0
52,6073,849,23806,27,0.46102814174211193,good,self-employed,mortgage,1
18,3203,850,23490,31,0.19358643710820608,bad,formal,own,0
38,5056,710,19256,11,0.46261396860401705,good,informal,own,1
65,4981,631,17893,26,0.7825406498062403,average,informal,own,0
23,7171,703,29089,9,0.5650568157800427,average,self-employed,own,0
45,5949,738,14997,31,0.16314388403072988,average,self-employed,mortgage,1
34,4949,617,5545,25,0.25333705506421944,good,formal,rent,1
22,6635,829,18595,24,0.479635480126845,good,formal,mortgage,1
48,7780,673,31688,10,0.38918971985744966,bad,self-employed,own,1
22,6115,699,6881,22,0.38698161563687905,good,self-employed,own,1
55,5020,716,12108,33,0.5234139585148722,good,informal,rent,1
20,2376,692,18331,39,0.5675167372715659,good,informal,own,0
40,2869,733,14568,22,0.7374892562209528,good,formal,mortgage,0
54,4389,588,7141,28,0.3727732507699878,bad,informal,mortgage,0
54,3780,594,23974,30,0.7443730264324694,good,formal,mortgage,0
27,4626,539,33560,6,0.370888983290106,average,formal,mortgage,0
27,5113,693,16569,39,0.14434639115298709,good,formal,mortgage,1
36,6059,727,7767,32,0.5433501208038329,good,informal,rent,1
34,4859,695,2608,20,0.5703218599158516,good,self-employed,mortgage,1
38,5973,817,17063,1,0.8476321964974881,good,self-employed,own,1
31,5128,649,23831,17,0.6808490608499795,good,informal,own,1
26,1049,716,18801,32,0.8342181219955517,average,self-employed,own,0
63,3121,540,14980,36,0.8266777681944076,good,formal,own,0
18,4711,611,10285,33,0.5836592882065937,good,self-employed,rent,1
68,2580,719,6262,19,0.522209652269158,good,informal,own,0
62,6199,734,21678,34,0.5459527737308799,good,self-employed,rent,1
30,8061,620,22310,17,0.8826646461417983,bad,formal,own,0
21,7437,642,2634,23,0.7185341533975671,average,formal,rent,0
18,4573,498,27718,7,0.18501272383391668,good,informal,rent,1
66,7981,614,19592,29,0.72274272542512,good,informal,rent,1
57,5297,739,26196,9,0.23643043911858072,bad,informal,own,1
49,4325,707,4262,22,0.4578804392045005,good,formal,rent,1
51,3773,700,4073,10,0.26836773774122746,bad,self-employed,mortgage,0
45,4395,654,13808,1,0.6516664524265838,good,self-employed,mortgage,1
48,4223,650,19022,25,0.8018477889544285,bad,informal,own,0
25,5340,583,29370,35,0.3322895082933448,bad,self-employed,mortgage,0
56,5321,719,20648,32,0.16560859296655012,average,self-employed,mortgage,1
43,5006,692,13058,12,0.3387944784599706,good,informal,mortgage,1
51,5873,699,6789,39,0.6378894863457555,good,informal,own,1
20,7381,597,24840,24,0.36300810204355993,good,formal,own,1
67,6899,434,7282,3,0.3224897340430427,good,formal,mortgage,1
29,2030,759,28027,18,0.24754815246741196,good,formal,own,1
18,1000,602,12724,17,0.4980131414995469,good,formal,rent,1
61,6868,563,27724,36,0.32075906252575004,average,self-employed,mortgage,0
22,2266,719,20431,29,0.6848082793115865,average,self-employed,own,0
47,4550,610,13904,18,0.1612979215937622,good,formal,own,1
47,2659,755,10844,22,0.631226426489054,good,formal,mortgage,0
34,1396,711,12272,15,0.2900480116542159,bad,informal,own,0
65,6082,718,18426,0,0.49142340884128255,good,self-employed,mortgage,1
64,6518,513,15617,11,0.3288719376250085,average,self-employed,own,0
40,3846,771,10249,23,0.6782149408086365,good,formal,rent,0
32,1000,676,13674,33,0.8562456322013093,good,self-employed,mortgage,0
54,3907,613,15628,7,0.8336614235758506,good,informal,rent,0
38,5783,664,1000,17,0.5667409721152729,good,informal,mortgage,1
31,2042,472,18665,4,0.4700882426055827,bad,self-employed,own,0
19,5366,690,7162,25,0.7546404075515055,average,formal,rent,0
28,4969,547,5773,29,0.646661090102184,good,self-employed,own,0
68,6158,514,1501,12,0.2468512913735463,bad,informal,mortgage,0
56,5239,497,1000,18,0.7567353708904002,good,formal,mortgage,0
55,3053,761,4156,28,0.4431075115157682,bad,self-employed,mortgage,0
51,7393,587,9327,2,0.25118852797694013,bad,formal,mortgage,0
55,4682,803,30626,25,0.325437880317194,good,formal,mortgage,1
67,4945,596,10792,39,0.31402162419867385,good,informal,rent,1
51,3133,479,16422,11,0.5153655796827681,good,formal,mortgage,0
35,4113,538,18203,1,0.2874960725423004,average,self-employed,own,0
47,3230,773,16048,10,0.19885318992126094,average,formal,rent,0
32,4654,634,14380,27,0.1989526804910086,bad,formal,own,1
44,8423,595,5437,17,0.5666209577112773,average,self-employed,mortgage,0
68,2256,666,26607,12,0.6878074310795028,good,informal,own,0
51,1772,700,29457,36,0.35722640707067266,good,informal,rent,1
69,7942,761,1538,21,0.12772056785121366,average,self-employed,rent,1
55,4581,794,6807,11,0.2017799095496086,good,self-employed,rent,1
50,3661,614,12761,1,0.8317556482696457,average,informal,own,0
41,7079,517,7283,36,0.49483492767156245,good,formal,rent,1
32,3788,608,19047,6,0.4628582476921398,good,self-employed,own,1
47,8652,676,9173,25,0.13043934264807275,good,formal,mortgage,1
59,6355,553,32320,25,0.6829096178535192,average,self-employed,mortgage,0
68,4024,554,24524,23,0.5224544647456631,good,informal,own,0
34,9314,684,16700,11,0.26166474886921665,average,formal,rent,1
22,3788,645,23215,15,0.18805900814484577,good,formal,own,1
46,6484,653,23847,22,0.40671029090559885,average,self-employed,own,1
21,5598,574,10488,39,0.7697295713560205,average,formal,own,0
27,7603,626,8470,8,0.7922356473608196,good,self-employed,mortgage,1
34,8123,557,15625,31,0.5822771043165091,average,informal,own,0
27,5064,739,21893,14,0.6820291417841141,good,formal,mortgage,1
34,3493,753,16112,36,0.19212462992229629,good,self-employed,own,1
37,5919,465,2384,12,0.5705008523742839,good,formal,mortgage,0
41,3644,557,8577,4,0.6335725627897454,average,self-employed,own,0
22,9026,500,14408,10,0.26057027433103375,bad,self-employed,own,0
51,5273,584,14394,9,0.8041237863282071,average,self-employed,rent,0
23,4269,641,30780,12,0.2559973900168158,average,informal,rent,1
19,5369,505,3912,14,0.35078188787716036,average,formal,own,0
30,2305,557,19044,6,0.5964454776187669,good,informal,own,0
60,3056,549,26912,39,0.6106800521045846,bad,self-employed,own,0
60,7400,670,33171,27,0.6595077927898938,good,self-employed,own,1
65,3686,656,11764,31,0.18960937045456455,bad,informal,rent,0
28,2906,577,18931,34,0.7795715439428442,average,informal,mortgage,0
68,6073,667,19558,14,0.5262777058266079,average,formal,own,0
64,7371,595,16563,35,0.47705743528405475,average,self-employed,rent,0
40,6437,622,14209,20,0.8848780996108077,good,informal,own,1
33,6992,817,18487,5,0.6923026375528158,average,self-employed,own,0
48,3486,784,1000,0,0.1944048212954999,good,self-employed,mortgage,1
28,2156,520,20456,3,0.7052313337809926,average,formal,own,0
33,8002,732,16009,10,0.1761991471782956,average,formal,own,1
25,4354,731,13220,25,0.12197645001038789,bad,formal,mortgage,1
21,4498,535,31374,36,0.42290071621591774,average,informal,mortgage,0
57,7656,731,9600,22,0.894862538255375,good,self-employed,mortgage,1
21,6112,803,11775,28,0.23990714895589013,good,informal,mortgage,1
42,5911,537,30932,20,0.638115474821432,average,informal,rent,0
20,9330,558,8343,26,0.2387168529648955,good,formal,rent,1
49,3712,751,10599,38,0.6798295799667089,good,self-employed,rent,0
20,6855,677,13823,39,0.504282934590261,bad,self-employed,own,0
44,5114,705,21725,12,0.6439773680715011,average,formal,mortgage,0
46,5537,684,16662,22,0.2622985407313877,average,self-employed,mortgage,1
49,8056,689,4658,15,0.6965026660164015,good,formal,rent,1
67,6015,517,10742,29,0.8964952476981654,average,informal,own,0
68,6076,754,10141,3,0.6325204005007679,good,informal,own,1
36,7145,766,14382,39,0.4947839984583021,average,formal,own,1
38,4270,627,18406,15,0.8385391908954118,good,informal,rent,1
22,3321,645,18345,30,0.11268147378550104,bad,informal,own,0
35,2910,496,1000,24,0.6839388154286569,good,formal,own,0
45,1067,701,23511,11,0.8109972134510504,good,informal,own,0
59,9112,707,17020,25,0.14933966689676598,average,self-employed,mortgage,1
39,2793,643,26076,36,0.46005133633260653,average,informal,rent,0
38,4557,762,18553,32,0.26377556315999917,good,formal,mortgage,1
23,4446,616,23810,27,0.5532145324702641,average,self-employed,mortgage,0
18,5614,706,18732,8,0.6196343668829284,good,self-employed,rent,1
22,6631,548,25769,11,0.342098546343004,bad,informal,mortgage,0
58,6720,647,19178,4,0.4679853357424807,bad,self-employed,own,1
29,3833,632,14216,27,0.3234715882212476,good,formal,own,1
43,4665,672,33179,34,0.39551293156409106,bad,self-employed,own,1
63,5565,613,22112,4,0.22763196535073887,good,informal,own,1
51,4502,636,19589,33,0.8084475548685052,good,informal,rent,1
66,8214,732,4789,33,0.10800832844730915,bad,self-employed,mortgage,1
31,5981,606,4693,12,0.8059273491550308,average,formal,mortgage,0
43,6469,489,17341,38,0.5573431026797908,good,formal,own,0
62,6325,824,16164,13,0.365326275341614,good,informal,own,1
44,7346,788,10087,10,0.6784457003682638,good,informal,mortgage,1
26,5362,520,16127,37,0.5062017214901314,bad,formal,rent,0
43,2406,718,27709,3,0.4992869264860852,good,self-employed,mortgage,1
64,5799,599,20563,32,0.18811382633517315,good,self-employed,own,1
39,3697,676,5871,6,0.411612820756327,good,self-employed,own,1
64,3942,679,14107,7,0.29285147668538936,good,self-employed,rent,1
47,6172,626,8560,36,0.11255672447702372,good,formal,mortgage,1
60,7476,571,11898,9,0.38807970462569064,good,informal,rent,1
65,5042,580,11691,14,0.1718577035404838,good,informal,rent,1
34,5617,558,11178,37,0.30546403018014817,good,self-employed,own,1
43,8404,566,4958,14,0.17401329694647555,bad,formal,mortgage,0
53,5481,643,13978,4,0.18075330044511909,good,formal,own,1
18,10203,578,10515,28,0.25920903553215063,average,self-employed,mortgage,0
25,6131,718,1000,18,0.8998793955891202,average,self-employed,own,0
66,1478,798,31423,9,0.10174731428579903,bad,self-employed,own,0
52,6506,591,23710,11,0.6109381088963242,bad,informal,mortgage,0
69,5762,673,11989,3,0.21299495842124588,good,self-employed,mortgage,1
32,7579,699,15150,30,0.8365025093686207,good,informal,own,1
64,6346,697,5626,17,0.17490631466690337,good,formal,mortgage,1
39,4723,657,28565,15,0.8640505497009893,good,formal,own,1
31,2551,724,30178,39,0.5887411099867824,average,informal,mortgage,0
43,4581,698,16253,35,0.1010144615323922,average,informal,own,1
45,3298,526,23188,24,0.8152057583334449,bad,informal,own,0
40,3838,736,16402,22,0.5173694410935347,good,informal,own,0
31,6177,738,4306,11,0.31013578826438765,bad,self-employed,rent,1
41,8339,573,11705,33,0.7138233420125041,good,formal,mortgage,0
19,5789,653,16055,35,0.8413324431094961,good,self-employed,own,1
62,2608,718,11363,36,0.4869526585174352,good,informal,rent,1
43,5889,629,13250,2,0.35244277955448877,average,self-employed,own,1
31,7393,757,14268,8,0.7311560991479414,good,self-employed,rent,1
68,3780,850,14352,17,0.6454283982307637,bad,formal,own,0
24,4731,571,15418,34,0.811001987000218,bad,self-employed,own,0
20,5029,511,6515,33,0.6540112102089544,bad,formal,rent,0
64,3430,680,9263,13,0.294822671119629,good,informal,rent,1
40,6296,722,4723,3,0.8453273998072153,bad,self-employed,mortgage,0
63,4758,626,22822,28,0.18386859776479306,average,informal,mortgage,1
60,5839,795,1000,14,0.3143542000854783,good,formal,rent,1
64,3225,516,24228,27,0.5161556861791085,good,informal,mortgage,0
62,4125,719,26090,15,0.5525936208567211,good,informal,rent,1
35,6444,589,12582,11,0.11224846930152435,good,formal,mortgage,1
55,4254,821,1000,4,0.7244581806567519,average,informal,own,0
